Country,Capital,Currency,Official lang,HOG,Population,Flags
Afghanistan,Kabul,Afghani,Dari Persian; Pashto,President - Ashraf Ghani,38742911,https://articleimageaugli.s3.ap-south-1.amazonaws.com//flags/afghanistan.gif
Albania,Tirane,Lek,Albanian,Prime Minister – Edi Rama,2878420,https://articleimageaugli.s3.ap-south-1.amazonaws.com//flags/albania.gif
Algeria,Algiers,Dinar,Arabic; Tamazight; French,Prime Minister – Noureddin Bedoui,43685618,https://articleimageaugli.s3.ap-south-1.amazonaws.com//flags/algeria.gif
Andorra,Andorra la Vella,Euro,Catalan,Prime Minister - Xavier Espot Zamora,77240,https://articleimageaugli.s3.ap-south-1.amazonaws.com//flags/andorra.gif
Angola,Luanda,New Kwanza,Portuguese,President – João Lourenço,32644783,https://articleimageaugli.s3.ap-south-1.amazonaws.com//flags/angola.gif
Antigua and Barbuda,Saint John's,East Caribbean dollar,English,Prime Minister – Gaston Browne,97764,https://articleimageaugli.s3.ap-south-1.amazonaws.com//flags/antigua_and_barbuda.gif
Argentina,Buenos Aires,Peso,Spanish,President – Mauricio Macri,45111229,https://articleimageaugli.s3.ap-south-1.amazonaws.com//flags/argentina.gif
Armenia,Yerevan,Dram,Armenian,President – Armen Sarkissian,2962137,https://articleimageaugli.s3.ap-south-1.amazonaws.com//flags/armenia.gif
Australia,Canberra,Australian dollar,English,Prime Minister – Scott Morrison,25439164,https://articleimageaugli.s3.ap-south-1.amazonaws.com//flags/australia.gif
Austria,Vienna,Euro (formerly schilling),German,President - Alexander Van der Bellen,8996022,https://articleimageaugli.s3.ap-south-1.amazonaws.com//flags/austria.gif
Azerbaijan,Baku,Manat,Azerbaijani,Prime Minister – Novruz Mammadov,10120555,https://articleimageaugli.s3.ap-south-1.amazonaws.com//flags/azerbaijan.gif
Bahrain,Manama,Bahrain dinar,Arabic,"Prime Minister – Prince
Khalifa bin Salman Al Khalifa",1688629,https://articleimageaugli.s3.ap-south-1.amazonaws.com//flags/bahrain.gif
Bangladesh,Dhaka,Taka,Bangla,Prime Minister – Sheikh Hasina,1.64E+08,https://articleimageaugli.s3.ap-south-1.amazonaws.com//flags/bangladesh.gif
Barbados,Bridgetown,Barbados dollar,English,Prime Minister – Mia Mottley,287305,https://articleimageaugli.s3.ap-south-1.amazonaws.com//flags/barbados.gif
Belarus,Minsk,Belorussian ruble,Belarusian; Russian,Prime Minister – Syarhei Rumas,9449940,https://articleimageaugli.s3.ap-south-1.amazonaws.com//flags/belarus.gif
Belgium,Brussels,Euro (formerly Belgian franc),Dutch; French; German,Prime Minister – Charles Michel,11579477,https://articleimageaugli.s3.ap-south-1.amazonaws.com//flags/belgium.gif
Belize,Belmopan,Belize dollar,English,Prime Minister – Dean Barrow,396120,https://articleimageaugli.s3.ap-south-1.amazonaws.com//flags/belize.gif
Benin,Porto-Novo,CFA Franc,French,President - Patrice Talon,12055347,https://articleimageaugli.s3.ap-south-1.amazonaws.com//flags/benin.gif
Bhutan,Thimphu,Ngultrum,Dzongkha,Prime Minister – Lotay Tshering,769867,https://articleimageaugli.s3.ap-south-1.amazonaws.com//flags/bhutan.gif
Bolivia,"La Paz
(administrative); Sucre (judicial)",Boliviano,Spanish; Quechua; Aymara,Prime Minister – Evo Morales,11640159,https://articleimageaugli.s3.ap-south-1.amazonaws.com//flags/bolivia.gif
Bosnia and Herzegovina,Sarajevo,Convertible Mark,Bosnian; Croatian; Serbian,"Chairman of the Council of Ministers - Denis
Zvizdi?",3284806,https://articleimageaugli.s3.ap-south-1.amazonaws.com//flags/bosnia_and_herzegovina.gif
Botswana,Gaborone,Pula,English; Tswana,President – Mokgweetsi Masisi,2341649,https://articleimageaugli.s3.ap-south-1.amazonaws.com//flags/botswana.gif
Brazil,Brasilia,Real,Portuguese,President – Jair Bolsonaro,2.12E+08,https://articleimageaugli.s3.ap-south-1.amazonaws.com//flags/brazil.gif
Brunei,Bandar Seri Begawan,Brunei dollar,Malay,"Sultan and Prime Minister
– Hassanal Bolkiah",436624,https://articleimageaugli.s3.ap-south-1.amazonaws.com//flags/Brunei.jpg
Bulgaria,Sofia,Lev,Bulgarian,Prime Minister – Boyko Borisov,6958627,https://articleimageaugli.s3.ap-south-1.amazonaws.com//flags/bulgaria.gif
Burkina Faso,Ouagadougou,CFA Franc,French,"Prime Minister -
Christophe Joseph Marie Dabiré",20780371,https://articleimageaugli.s3.ap-south-1.amazonaws.com//flags/burkina_faso.gif
Burundi,Gitega,Burundi franc,Kirundi; French,President – Pierre Nkurunziza,11814346,https://articleimageaugli.s3.ap-south-1.amazonaws.com//flags/burundi.gif
Cambodia,Phnom Penh,Riel,Khmer,Prime Minister – Hun Sen,16671185,https://articleimageaugli.s3.ap-south-1.amazonaws.com//flags/cambodia.gif
Cameroon,Yaounde,CFA Franc,French; English,Prime Minister – Joseph Ngute,26405174,https://articleimageaugli.s3.ap-south-1.amazonaws.com//flags/cameroon.gif
Canada,Ottawa,Canadian dollar,English; French,Prime Minister – Justin Trudeau,37674770,https://articleimageaugli.s3.ap-south-1.amazonaws.com//flags/canada.gif
Cape Verde,Praia,Cape Verdean escudo,Portuguese,Prime Minister – Ulisses Correia e Silva,5400000,https://articleimageaugli.s3.ap-south-1.amazonaws.com//flags/cape_verde.gif
Central African Republic,Bangui,CFA Franc,Sango; French,Prime Minister – Firmin Ngrebada,4812256,https://articleimageaugli.s3.ap-south-1.amazonaws.com//flags/central_african_republic.gif
Chad,N'Djamena,CFA Franc,French; Arabic,President - Idriss Deby,16324440,https://articleimageaugli.s3.ap-south-1.amazonaws.com//flags/chad.gif
Chile,Santiago,Chilean Peso,Spanish,President – Sebastián Piñera,19082804,https://articleimageaugli.s3.ap-south-1.amazonaws.com//flags/chile.gif
China,Beijing,Chinese Yuan,Mandarin,President - Xi Jinping,1.44E+09,https://articleimageaugli.s3.ap-south-1.amazonaws.com//flags/china.gif
Colombia,Bogota,Colombian Peso,Spanish,President – Ivan Duque Marquez,50771878,https://articleimageaugli.s3.ap-south-1.amazonaws.com//flags/colombia.gif
Comoros,Moroni,Franc,Comorian; Arabic; French,President – Azali Assoumani,865696,https://articleimageaugli.s3.ap-south-1.amazonaws.com//flags/comoros.gif
"Congo,
Democratic Republic of the",Kinshasa,Congolese franc,French,Prime Minister –Sylvestre Ilunga,########,https://articleimageaugli.s3.ap-south-1.amazonaws.com//flags/democratic_republic_of_the_congo.gif
Costa Rica,San Jose,Colón,Spanish,President – Carlos Alvarado Quesada,5084636,https://articleimageaugli.s3.ap-south-1.amazonaws.com//flags/costa_rica.gif
Cote d'Ivoire,"Yamoussoukro
(official); Abidjan (de facto)",CFA Franc,French,President - Alassane Ouattara,26323384,https://articleimageaugli.s3.ap-south-1.amazonaws.com//flags/cote_d_Ivoire.gif
Croatia,Zagreb,Croatian,Kuna,Prime Minister – Andrej Plenkovi?,4110214,https://articleimageaugli.s3.ap-south-1.amazonaws.com//flags/croatia.gif
Cuba,Havana,Cuban Peso,Spanish,Prime Minister-Miguel Diaz-Canel,11327988,https://articleimageaugli.s3.ap-south-1.amazonaws.com//flags/cuba.gif
Cyprus,Nicosia,Euro,Greek; Turkish,President – Nicos Anastasiades,1205577,https://articleimageaugli.s3.ap-south-1.amazonaws.com//flags/cyprus.gif
Czech Republic,Prague,Koruna,Czech; Slovak,Prime Minister – Andrej Babiš,-1,https://articleimageaugli.s3.ap-south-1.amazonaws.com//flags/czech_republic.gif 
Denmark,Copenhagen,Danish Krone,Danish,Prime Minister – Mette Frederiksen,5788108,https://articleimageaugli.s3.ap-south-1.amazonaws.com//flags/denmark.gif
Djibouti,Djibouti,Djiboutian franc,Arabic; French,"Prime Minister –
Abdoulkader Kamil Mohamed",985027,https://articleimageaugli.s3.ap-south-1.amazonaws.com//flags/djibouti.gif
Dominica,Roseau,East Caribbean dollar,English; French; Antillean Creole,Prime Minister – Roosevelt Skerrit,71950,https://articleimageaugli.s3.ap-south-1.amazonaws.com//flags/dominica.gif
Dominican Republic,Santo Domingo,Dominican Peso,Spanish,President – Danilo Medina,10825682,https://articleimageaugli.s3.ap-south-1.amazonaws.com//flags/dominican_republic.gif
East Timor (Timor-Leste),Dili,U.S. dollar,Tetum; Portuguese; Iindonesian,Prime Minister – Taur Matan Ruak,1183643,https://articleimageaugli.s3.ap-south-1.amazonaws.com//flags/east_timor.gif
Ecuador,Quito,U.S. dollar,Spanish,President – Lenín Moreno,17587526,https://articleimageaugli.s3.ap-south-1.amazonaws.com//flags/ecuador.gif
Egypt,Cairo,Egyptian pound,Arabic,Prime Minister – Moustafa Madbouly,1.02E+08,https://articleimageaugli.s3.ap-south-1.amazonaws.com//flags/egypt.gif
El Salvador,San Salvador,Colón; U.S. dollar,Spanish,President – Nayib Bukele,6479609,https://articleimageaugli.s3.ap-south-1.amazonaws.com//flags/el_salvador.gif
Equatorial Guinea,Malabo,CFA Franc,Spanish; French; Portuguese,Prime Minister –Francisco Pascual Obama Asue,1392950,https://articleimageaugli.s3.ap-south-1.amazonaws.com//flags/equatorial_guinea.gif
Eritrea,Asmara,Nakfa,Arabic; Tigrinya; English,President – Isaias Afwerki,3536285,https://articleimageaugli.s3.ap-south-1.amazonaws.com//flags/eritrea.gif
Estonia,Tallinn,Estonia Kroon; Euro,Estonian,Prime Minister – Jüri Ratas,1326357,https://articleimageaugli.s3.ap-south-1.amazonaws.com//flags/estonia.gif
Ethiopia,Addis Ababa,Birr,Amharic,Prime Minister – Abiy Ahmed,1.14E+08,https://articleimageaugli.s3.ap-south-1.amazonaws.com//flags/ethiopia.gif
Fiji,Suva,Fiji dollar,English; Bau Fijian; Hindi,Prime Minister – Frank Bainimarama,895128,https://articleimageaugli.s3.ap-south-1.amazonaws.com//flags/fiji.gif
Finland,Helsinki,Euro (formerly markka),Finnish; Swedish,Prime Minister – Juha Sipilä,5539002,https://articleimageaugli.s3.ap-south-1.amazonaws.com//flags/finland.gif
France,Paris,Euro (formerly French franc),French,Prime Minister – Édouard Philippe,65244628,https://articleimageaugli.s3.ap-south-1.amazonaws.com//flags/france.gif
Gabon,Libreville,CFA Franc,French,Prime Minister – Julien Nkoghe Bekale,2214593,https://articleimageaugli.s3.ap-south-1.amazonaws.com//flags/gabon.gif
Georgia,Tbilisi,Lari,Georgian,Prime Minister – Salome Zurabishvili,3990681,https://articleimageaugli.s3.ap-south-1.amazonaws.com//flags/gabon.gif
Germany,Berlin,Euro (formerly Deutsche mark),German,Chancellor – Frank- Walter Steinmeier,83730223,https://articleimageaugli.s3.ap-south-1.amazonaws.com//flags/germany.gif
Ghana,Accra,Cedi,English,President - Nana Akufo- Addo,30936375,https://articleimageaugli.s3.ap-south-1.amazonaws.com//flags/ghana.gif
Greece,Athens,Euro (formerly drachma),Greek,Prime Minister –Kyriakos Mitsotakis,10433037,https://articleimageaugli.s3.ap-south-1.amazonaws.com//flags/greece.gif
Grenada,Saint George's,East Caribbean dollar,English; Patois,Prime Minister – Keith Mitchell,112418,https://articleimageaugli.s3.ap-south-1.amazonaws.com//flags/grenada.gif
Guatemala,Guatemala City,Quetzal,Spanish,President – Jimmy Morales,17846248,https://articleimageaugli.s3.ap-south-1.amazonaws.com//flags/guatemala.gif
Guinea,Conakry,Guinean franc,French,Prime Minister –Ibrahima Kassory Fofana,13056478,https://articleimageaugli.s3.ap-south-1.amazonaws.com//flags/guinea.gif
Guinea-Bissau,Bissau,CFA Franc,Portuguese,Prime Minister –Aristides Gomes,1958132,https://articleimageaugli.s3.ap-south-1.amazonaws.com//flags/guinea_bissau.gif
Guyana,Georgetown,Guyanese dollar,English,Prime Minister – Moses Nagamootoo,785788,https://articleimageaugli.s3.ap-south-1.amazonaws.com//flags/guyana.gif
Haiti,Port-au-Prince,Gourde,Haitian Creole; French,Prime Minister – Jean- Michel Lapin,11373955,https://articleimageaugli.s3.ap-south-1.amazonaws.com//flags/haiti.gif
Honduras,Tegucigalpa,Lempira,Spanish,President – Juan Orlando Hernández,9871892,https://articleimageaugli.s3.ap-south-1.amazonaws.com//flags/honduras.gif
Hungary,Budapest,Forint,Hungarian,Prime Minister – Viktor Orbán,9665192,https://articleimageaugli.s3.ap-south-1.amazonaws.com//flags/hungary.gif
Iceland,Reykjavik,Icelandic króna,Icelandic,Prime Minister – Katrín Jakobsdóttir,340795,https://articleimageaugli.s3.ap-south-1.amazonaws.com//flags/iceland.gif
India,New Delhi,Indian Rupee,Hindi; English,Prime Minister – Narendra Modi,1.38E+09,https://articleimageaugli.s3.ap-south-1.amazonaws.com//flags/india.gif
Indonesia,Jakarta,Rupiah,Indonesian,President – Joko Widodo,2.73E+08,https://articleimageaugli.s3.ap-south-1.amazonaws.com//flags/indonesia.gif
Iran,Tehran,Rial,Persian,President – Hassan Rouhani,83771587,https://articleimageaugli.s3.ap-south-1.amazonaws.com//flags/iran.gif
Iraq,Baghdad,Iraqi Dinar,Arabic; Kurdish,Prime Minister – Adil Abdul-Mahdi,40031626,https://articleimageaugli.s3.ap-south-1.amazonaws.com//flags/iraq.gif
Ireland,Dublin,Euro (formerly Irish pound [punt]),English; Irish,"Prime Minister-Taoiseach
– Leo Varadkar",4926480,https://articleimageaugli.s3.ap-south-1.amazonaws.com//flags/ireland.gif
Israel,Jerusalem*,Shekel,Hebrew; Arabic,Prime Minister – Benjamin Netanyahu,8627444,https://articleimageaugli.s3.ap-south-1.amazonaws.com//flags/israel.gif
Italy,Rome,Euro (formerly lira),Italian,Prime Minister – Giuseppe Conte,60479424,https://articleimageaugli.s3.ap-south-1.amazonaws.com//flags/italy.gif
Jamaica,Kingston,Jamaican dollar,English,Prime Minister – Andrew Holness,2958567,https://articleimageaugli.s3.ap-south-1.amazonaws.com//flags/jamaica.gif
Japan,Tokyo,Yen,Japanese,Prime Minister – Shinz? Abe,1.27E+08,https://articleimageaugli.s3.ap-south-1.amazonaws.com//flags/japan.gif
Jordan,Amman,Jordanian dinar,Arabic,Prime Minister – Omar Razzaz,10182442,https://articleimageaugli.s3.ap-south-1.amazonaws.com//flags/jordan.gif
Kazakhstan,Nur Sultan,Tenge,Kazakh; Russian,Prime Minister – Askar Mamin,18730568,https://articleimageaugli.s3.ap-south-1.amazonaws.com//flags/kazakhstan.gif
Kenya,Nairobi,Kenya shilling,Swahili; English,President – Uhuru Kenyatta,53521116,https://articleimageaugli.s3.ap-south-1.amazonaws.com//flags/kenya.gif
Kiribati,Tarawa Atoll,Kiribati dollar,English; Gilbertese,President – Taneti Mamau,119069,https://articleimageaugli.s3.ap-south-1.amazonaws.com//flags/kiribati.gif
"Korea, North",Pyongyang,Won,Korean,Premier of the Cabinet – Kim Jong-un,25770255,https://articleimageaugli.s3.ap-south-1.amazonaws.com//flags/korea_north.gif
"Korea, South",Seoul,Won,Korean,Prime Minister – Lee Nak- yeon,51269158,https://articleimageaugli.s3.ap-south-1.amazonaws.com//flags/korea_south.gif
Kosovo,Pristina,Euro (German Mark prior to 2002),Albanian; Serbian,Prime Minister – Ramush Haradinaj,1810366,https://articleimageaugli.s3.ap-south-1.amazonaws.com//flags/kosovo.gif
Kuwait,Kuwait City,Kuwaiti Dollar,Arabic; English,Prime Minister – Jaber Mubarak al-Sabah,4257495,https://articleimageaugli.s3.ap-south-1.amazonaws.com//flags/kuwait.gif
Kyrgyzstan,Bishkek,Som,Kyrgyz; Russian,"Prime Minister – Muhammetkaliy
Abulgaziyev",6501804,https://articleimageaugli.s3.ap-south-1.amazonaws.com//flags/kyrgyzstan.gif
Laos,Vientiane,New Kip,Lao (Laotian),Prime Minister – Thongloun Sisoulith,7253719,https://articleimageaugli.s3.ap-south-1.amazonaws.com//flags/laos.gif
Latvia,Riga,Lats,Latvian,Prime Minister –Krišj?nis Kari?š,1890218,https://articleimageaugli.s3.ap-south-1.amazonaws.com//flags/latvia.gif
Lebanon,Beirut,Lebanese pound,Arabic; French,Prime Minister – Saad Hariri,6831445,https://articleimageaugli.s3.ap-south-1.amazonaws.com//flags/lebanon.gif
Lesotho,Maseru,Maluti,Sesotho; English,Prime Minister – Tom Thabane,2138799,https://articleimageaugli.s3.ap-south-1.amazonaws.com//flags/lesotho.gif
Liberia,Monrovia,Liberian dollar,English,President – George Weah,5032469,https://articleimageaugli.s3.ap-south-1.amazonaws.com//flags/liberia.gif
Libya,Tripoli,Libyan dinar,Arabic,Prime Minister – Fayez al- Sarraj,6852010,https://articleimageaugli.s3.ap-south-1.amazonaws.com//flags/libya.gif
Liechtenstein,Vaduz,Swiss franc,German,Prime Minister-Adrian Hasler,38106,https://articleimageaugli.s3.ap-south-1.amazonaws.com//flags/liechtenstein.gif
Lithuania,Vilnius,Litas,Lithuanian,Prime Minister – Saulius Skvernelis,2729553,https://articleimageaugli.s3.ap-south-1.amazonaws.com//flags/lithuania.gif
Luxembourg,Luxembourg,Euro (formerly Luxembourg franc),German; French; Luxembourgish,Prime Minister – Xavier Bettel,623861,https://articleimageaugli.s3.ap-south-1.amazonaws.com//flags/luxembourg.gif
Macedonia,Skopje,Denar,Macedonian,"President of the
Government – Gjorge Ivanov",-1,https://articleimageaugli.s3.ap-south-1.amazonaws.com//flags/macedonia.gif
Madagascar,Antananarivo,Malagasy Ariary,Malagasy; French; English,Prime Minister –Christian Ntsay,27539106,https://articleimageaugli.s3.ap-south-1.amazonaws.com//flags/macedonia.gif
Malawi,Lilongwe,Kwacha,English,President – Peter Mutharika,19024426,https://articleimageaugli.s3.ap-south-1.amazonaws.com//flags/malawi.gif
Malaysia,Kuala Lumpur,Ringgit,Malay,Prime Minister – Mahathir Mohamad,32280610,https://articleimageaugli.s3.ap-south-1.amazonaws.com//flags/malaysia.gif
Maldives,Male,Rufiyaa,Dhivehi,President – Ibrahim Mohamed Solih,538558,https://articleimageaugli.s3.ap-south-1.amazonaws.com//flags/maldives.gif
Mali,Bamako,CFA Franc,French,Prime Minister - Boubou Cisse,20125282,https://articleimageaugli.s3.ap-south-1.amazonaws.com//flags/mali.gif
Malta,Valletta,Euro,Maltese; English,Prime Minister – Joseph Muscat,441308,https://articleimageaugli.s3.ap-south-1.amazonaws.com//flags/malta.gif
Marshall Islands,Majuro,U.S. Dollar,Marshallese; English,Prime Minister – Stefan Löfven,59109,https://articleimageaugli.s3.ap-south-1.amazonaws.com//flags/marshall_islands.gif
Mauritania,Nouakchott,Ouguiya,Arabic,Prime Minister – Ismail Ould Bedde Ould Cheikh Sidiya,4623535,https://articleimageaugli.s3.ap-south-1.amazonaws.com//flags/mauritania.gif
Mauritius,Port Louis,Mauritian rupee,English,Prime Minister – Pravind Jugnauth,1271347,https://articleimageaugli.s3.ap-south-1.amazonaws.com//flags/mauritius.gif
Mexico,Mexico City,Mexican peso,Spanish,President – Andrés Manuel López Obrador,1.29E+08,https://articleimageaugli.s3.ap-south-1.amazonaws.com//flags/mexico.gif
"Micronesia,
Federated States of",Palikir,U.S. Dollar,English,President – Peter M. Christian,548502,https://articleimageaugli.s3.ap-south-1.amazonaws.com//flags/micronesia.gif
Moldova,Chisinau,Leu,Moldovan (Romanian),Prime Minister – Maia Sandu,4035814,https://articleimageaugli.s3.ap-south-1.amazonaws.com//flags/moldova.gif
Monaco,Monte Carlo,Euro,French; Italian; English,Minister of State – Serge Telle,39186,https://articleimageaugli.s3.ap-south-1.amazonaws.com//flags/monaco.gif
Mongolia,Ulaanbaatar,Togrog,Mongolian,Prime Minister – Ukhnaagiin Khürelsükh,3267320,https://articleimageaugli.s3.ap-south-1.amazonaws.com//flags/mongolia.gif
Montenegro,Podgorica,Euro,Montenegrin,Prime Minister – Duško Markovi?,628050,https://articleimageaugli.s3.ap-south-1.amazonaws.com//flags/montenegro.gif
Morocco,Rabat,Dirham,Arabic,Prime Minister- Saadeddine Othmani,36820713,https://articleimageaugli.s3.ap-south-1.amazonaws.com//flags/morocco.gif
Mozambique,Maputo,Metical,Portuguese,Prime Minister – Carlos Agostinho do Rosário,31067362,https://articleimageaugli.s3.ap-south-1.amazonaws.com//flags/mozambique.gif
Myanmar (Burma),Nay Pyi Taw,Kyat,Burmese,President– Win Myint,54383708,https://articleimageaugli.s3.ap-south-1.amazonaws.com//flags/myanmar.gif
Namibia,Windhoek,Namibian dollar,English; Afrikaans; German,Prime Minister – Saara Kuugongelwa,2531290,https://articleimageaugli.s3.ap-south-1.amazonaws.com//flags/namibia.gif
Nauru,"no official capital; government offices
in Yaren District",Australian dollar,English; Nauran,President – Lionel Aingimea,10810,https://articleimageaugli.s3.ap-south-1.amazonaws.com//flags/nauru.gif
Nepal,Kathmandu,Nepalese rupee,Nepali,Prime Minister – KP Sharma Oli,29027347,https://articleimageaugli.s3.ap-south-1.amazonaws.com//flags/nepal.gif
Netherlands,"Amsterdam; The
Hague (seat of government)",Euro (formerly guilder),Dutch,Prime Minister – Mark Rutte,17127290,https://articleimageaugli.s3.ap-south-1.amazonaws.com//flags/netherlands.gif
New Zealand,Wellington,New Zealand dollar,English,Prime Minister – Jacinda,4814272,https://articleimageaugli.s3.ap-south-1.amazonaws.com//flags/new_zealand.gif
Nicaragua,Managua,Gold cordoba,Spanish,President – Daniel Ortega,6608366,https://articleimageaugli.s3.ap-south-1.amazonaws.com//flags/nicaragua.gif
Niger,Niamey,CFA Franc,French,Prime Minister – Brigi Rafini,24014064,https://articleimageaugli.s3.ap-south-1.amazonaws.com//flags/niger.gif
Nigeria,Abuja,Naira,English,Prime Minister– Sir Abubakar Tafawa Balewa,2.05E+08,https://articleimageaugli.s3.ap-south-1.amazonaws.com//flags/nigeria.gif
Norway,Oslo,Norwegian krone,Norwegian,Prime Minister – Erna Solberg,5412632,https://articleimageaugli.s3.ap-south-1.amazonaws.com//flags/norway.gif
Oman,Muscat,Omani rial,Arabic,"Sultan and Prime Minister
– Qaboos bin Said al Said",5078933,https://articleimageaugli.s3.ap-south-1.amazonaws.com//flags/oman.gif
Pakistan,Islamabad,Pakistani rupee,Urdu; English,Prime Minister – Imran Khan,2.20E+08,https://articleimageaugli.s3.ap-south-1.amazonaws.com//flags/pakistan.gif
Palau,Melekeok,U.S. dollar,English; Palauan,Vice President – Thomas Remengesau Jr.,18077,https://articleimageaugli.s3.ap-south-1.amazonaws.com//flags/palau.gif
Panama,Panama City,Balboa; U.S. dollar,Spanish,President – Laurentino Cortizo,4300667,https://articleimageaugli.s3.ap-south-1.amazonaws.com//flags/panama.gif
Papua New Guinea,Port Moresby,Kina,English; Tok Pisin; Hiri Motu,Prime Minister – James Marape,8911530,https://articleimageaugli.s3.ap-south-1.amazonaws.com//flags/papua_new_guinea.gif
Paraguay,Asuncion,Guaraní,Spanish; Guarani,President – Mario Abdo Benítez,7114524,https://articleimageaugli.s3.ap-south-1.amazonaws.com//flags/paraguay.gif
Peru,Lima,Nuevo sol (1991),Spanish,Prime Minister – Salvador del Solar,32876986,https://articleimageaugli.s3.ap-south-1.amazonaws.com//flags/peru.gif
Philippines,Manila,Peso,Filipino; English,President – Rodrigo Duterte,1.09E+08,https://articleimageaugli.s3.ap-south-1.amazonaws.com//flags/philippines.gif
Poland,Warsaw,Zloty,Polish,Prime Minister – Mateusz Morawiecki,37854825,https://articleimageaugli.s3.ap-south-1.amazonaws.com//flags/poland.gif
Portugal,Lisbon,Euro (formerly escudo),Portuguese,Prime Minister – António Costa,10202571,https://articleimageaugli.s3.ap-south-1.amazonaws.com//flags/portugal.gif
Qatar,Doha,Qatari riyal,Arabic,"Prime Minister – Sheikh Abdullah bin Nasser bin
Khalifa Al Thani",2870922,https://articleimageaugli.s3.ap-south-1.amazonaws.com//flags/qatar.gif?versionId=_Vor6UWg3Rws_tJGyDnEh8vBBc.Z0LyN
Republic of the Congo,Brazzaville,CFA Franc,French,Prime Minister –Clément Mouamba,89331385,https://articleimageaugli.s3.ap-south-1.amazonaws.com//flags/republic_of_the_congo.gif
Romania,Bucharest,Romanian Rupee,Romanian,Prime Minister – Viorica D?ncil?,19262731,https://articleimageaugli.s3.ap-south-1.amazonaws.com//flags/romania.gif
Russia,Moscow,Ruble,Romanian,Prime Minister – Dmitry Medvedev,1.46E+08,https://articleimageaugli.s3.ap-south-1.amazonaws.com//flags/russia.gif
Rwanda,Kigali,Rwandan franc,Russian,Prime Minister – Édouard Ngirente,12883878,https://articleimageaugli.s3.ap-south-1.amazonaws.com//flags/rwanda.gif
Saint Kitts and Nevis,Basseterre,East Caribbean dollar,English,Prime Minister – Timothy Harris,52441,https://articleimageaugli.s3.ap-south-1.amazonaws.com//flags/saint_kitts_and_nevis.gif
Saint Lucia,Castries,East Caribbean dollar,English,Prime Minister – Allen Chastanet,183458,https://articleimageaugli.s3.ap-south-1.amazonaws.com//flags/saint_lucia.gif
Saint Vincent and the Grenadines,Kingstown,East Caribbean dollar,English,Prime Minister – Ralph Gonsalves,110195,https://articleimageaugli.s3.ap-south-1.amazonaws.com//flags/saint_vincent_and_the_grenadines.gif
Samoa,Apia,Tala,"Samoan, English",Prime Minister – Tuilaepa Aiono Sailele Malielegaoi,198147,https://articleimageaugli.s3.ap-south-1.amazonaws.com//flags/samoa.gif
San Marino,San Marino,Euro,Italian,Pasquale Valentini,33917,https://articleimageaugli.s3.ap-south-1.amazonaws.com//flags/san_marino.gif
Sao Tome and Principe,Sao Tome,Dobra,Portuguese,Prime Minister – Jorge Bom Jesus,"2,18,832",https://articleimageaugli.s3.ap-south-1.amazonaws.com//flags/sao_tome_and_principe.gif
Saudi Arabia,Riyadh,Riyal,Arabic,King and Prime Minister – Salman of Saudi Arabia,34701377,https://articleimageaugli.s3.ap-south-1.amazonaws.com//flags/saudi_arabia.gif
Senegal,Dakar,CFA Franc,French,Prime Minister – Mohammed Dionne,16649599,https://articleimageaugli.s3.ap-south-1.amazonaws.com//flags/senegal.gif
The Bahamas,Nassau,Bahamian dollar,English,Prime Minister – Hubert Minnis,392477,https://articleimageaugli.s3.ap-south-1.amazonaws.com//flags/bahamas.gif?versionId=ck_UUVqyGEL8BiWjs3nCM_F_ow4ZA7FO
The Gambia,Banjul,Dalasi,English,President – Adama Barrow,2402083,https://articleimageaugli.s3.ap-south-1.amazonaws.com//flags/gambia.gif?versionId=MNHq5ub.vsTrEH3urSb8iIGKJTAkX39F
Tonga,Nuku'alofa,Pa'anga,English,Prime Minister – Pohiva Tuionetoa,105449,https://articleimageaugli.s3.ap-south-1.amazonaws.com//flags/gambia.gif?versionId=MNHq5ub.vsTrEH3urSb8iIGKJTAkX39F
Trinidad and Tobago,Port-of-Spain,Trinidad and Tobago dollar,English,Prime Minister – Keith Rowley,1398579,https://articleimageaugli.s3.ap-south-1.amazonaws.com//flags/trinidad_and_tobago.gif?versionId=2dbKBeIzzh61T9iw9m4Gjs2HdFATkeDU
Tunisia,Tunis,Tunisian dinar,Arabic,Prime Minister-Youssef Chahed,11793319,https://articleimageaugli.s3.ap-south-1.amazonaws.com//flags/tunisia.gif?versionId=991QlGFzcW60vg5fMucC5zUY6NIygTLv
Turkey,Ankara,Turkish lira (YTL),Turkish,Prime Minister – Binali Y?ld?r?m,84153250,https://articleimageaugli.s3.ap-south-1.amazonaws.com//flags/turkey.gif?versionId=rhIYPatqyd1kGM89GwZqhs_oP8h59dUS
Turkmenistan,Ashgabat,Manat,Turkmen,President – Gurbanguly Berdimuhamedow,6012850,https://articleimageaugli.s3.ap-south-1.amazonaws.com//flags/turkmenistan.gif?versionId=Aht5dNIEHbDN0HGQvF84.R1j3L6DRzxe
Tuvalu,"Vaiaku village, Funafuti province",Tuvaluan Dollar,Tuvaluan; English,Prime Minister – Kausea Natano,11762,https://articleimageaugli.s3.ap-south-1.amazonaws.com//flags/tuvalu.gif?versionId=Voox8_DTnRa1dStmG4VgvElIrOlkOnno
Uganda,Kampala,Ugandan new shilling,"Swahili, English, Luganda",Prime Minister – Ruhakana Rugunda,45427637,https://articleimageaugli.s3.ap-south-1.amazonaws.com//flags/uganda.gif?versionId=tvICNKMyN86GqND7ugNV7Bb3GWJ3uWsr
Ukraine,Kiev,Hryvnia,Ukrainian,Prime Minister – Oleksiy Honcharuk,43785122,https://articleimageaugli.s3.ap-south-1.amazonaws.com//flags/ukraine.gif?versionId=d.baFtwDjvSJ6jafS0MLrYNilE0Puh8F
United Arab Emirates,Abu Dhabi,U.A.E. Dirham,Arabic,"Prime Minister – Sheikh Mohammed bin Rashid Al
Maktoum",9865845,https://articleimageaugli.s3.ap-south-1.amazonaws.com//flags/united_arab_emirates.gif?versionId=s_JqlGSRJjNVBY3QkcP0sbk1TCeWojF2
United Kingdom,London,Pound sterling,English,Prime Minister – Boris Johnson,67814098,https://articleimageaugli.s3.ap-south-1.amazonaws.com//flags/united_kingdom.gif?versionId=tlEkB9vqiLJ9iaAWL8CoQhBush_uy_mT
United States of America,Washington D.C.,Dollar,English,President – Donald Trump,3.31E+08,https://articleimageaugli.s3.ap-south-1.amazonaws.com//flags/united_states_of_america.gif?versionId=qDnhFc7sFA0HLxMepHj5AxF39vrif6xg
Uruguay,Montevideo,Uruguay peso,Spanish,President – Tabaré Vázquez,3471314,https://articleimageaugli.s3.ap-south-1.amazonaws.com//flags/uruguay.gif?versionId=uJMoTYed7fh4tl7IuAioNobkspnCgGdi
Uzbekistan,Tashkent,Uzbekistani sum,Uzbek,Prime Minister – Abdulla Aripov,33368859,https://articleimageaugli.s3.ap-south-1.amazonaws.com//flags/uzbekistan.gif?versionId=v7wvw0F6LlrQWP8PR2QIhLos26wLG9gx
Vanuatu,Port-Vila,Vatu,"Bislama, French, English",Prime Minister – Charlot Salwai,305623,https://articleimageaugli.s3.ap-south-1.amazonaws.com//flags/vanuatu.gif?versionId=X5gfI3FaGp02wYhmbGSlm4kf9qjd6.R_
Vatican City (Holy See),Vatican City,Euro,Italian,Cardinal Pietro Parolin,256,https://articleimageaugli.s3.ap-south-1.amazonaws.com//flags/vatican_city.gif?versionId=SyzTXvqDg8PviwK6H7ju_G8fej_JsYRN
Venezuela,Caracas,Bolivar,Spanish,President – Juan Guaidó,28451828,https://articleimageaugli.s3.ap-south-1.amazonaws.com//flags/venezuela.gif?versionId=4KI4F2ctL8Z0_e7.BKmYGg2dYcvTrtw7
Vietnam,Hanoi,Dong,Vietnamese,Nguy?n Phú Tr?ng,97160127,https://articleimageaugli.s3.ap-south-1.amazonaws.com//flags/vietnam.gif?versionId=Lrhoalz.sdcL7k8hdCOLlBTNzXsqunvP
Yemen,Sanaa,Rial,Arabic,Prime Minister – Ahmed Obeid bin Daghr,29687214,https://articleimageaugli.s3.ap-south-1.amazonaws.com//flags/yemen.gif?versionId=plqig.5p.fXz1peCSN27AP9DP2ENF8bM
Zambia,Lusaka,Kwacha,English,President – Edgar Lungu,18273379,https://articleimageaugli.s3.ap-south-1.amazonaws.com//flags/zambia.gif?versionId=he5YrhywktT0_mSlLEMM31tcrY9MfBaC
Zimbabwe,Harare,United States dollar,"English, Shona, Ndebele",President –Emmerson Mnangagwa,14818157,https://articleimageaugli.s3.ap-south-1.amazonaws.com//flags/zimbabwe.gif?versionId=RO9BcyiFp0UJJC453LJH_HCqeQe1i1S5
,,,,,,
,,,,,,
,,,,,,
,,,,,,
,,,,,,
,,,,,,
,,,,,,
,,,,,,
,,,,,,
,,,,,,
,,,,,,
,,,,,,
,,,,,,
,,,,,,
,,,,,,
,,,,,,
,,,,,,
,,,,,,
,,,,,,
,,,,,,
,,,,,,
,,,,,,
,,,,,,
,,,,,,
,,,,,,
,,,,,,
,,,,,,
,,,,,,
,,,,,,
,,,,,,
,,,,,,
,,,,,,
,,,,,,
,,,,,,
,,,,,,
,,,,,,
,,,,,,
,,,,,,
,,,,,,
,,,,,,
,,,,,,
,,,,,,
,,,,,,
,,,,,,
,,,,,,
,,,,,,
,,,,,,
,,,,,,
,,,,,,
,,,,,,
,,,,,,
,,,,,,
,,,,,,
,,,,,,
,,,,,,
,,,,,,
,,,,,,
,,,,,,
,,,,,,
,,,,,,
,,,,,,
,,,,,,
,,,,,,
,,,,,,
,,,,,,
,,,,,,
,,,,,,
,,,,,,
,,,,,,
,,,,,,
,,,,,,
,,,,,,
,,,,,,
,,,,,,
,,,,,,
,,,,,,
,,,,,,
,,,,,,
,,,,,,
,,,,,,
,,,,,,
,,,,,,
,,,,,,
,,,,,,
,,,,,,
,,,,,,
,,,,,,
,,,,,,
,,,,,,
,,,,,,
,,,,,,
,,,,,,
,,,,,,
,,,,,,
,,,,,,
,,,,,,
,,,,,,
,,,,,,
,,,,,,
,,,,,,
,,,,,,
,,,,,,
,,,,,,
,,,,,,
,,,,,,
,,,,,,
,,,,,,
,,,,,,
,,,,,,
,,,,,,
,,,,,,
,,,,,,
,,,,,,
,,,,,,
,,,,,,
,,,,,,
,,,,,,
,,,,,,
,,,,,,
,,,,,,
,,,,,,
,,,,,,
,,,,,,
,,,,,,
,,,,,,
,,,,,,
,,,,,,
,,,,,,
,,,,,,
,,,,,,
,,,,,,
,,,,,,
,,,,,,
,,,,,,
,,,,,,
,,,,,,
,,,,,,
,,,,,,
,,,,,,
,,,,,,
,,,,,,
,,,,,,
,,,,,,
,,,,,,
,,,,,,
,,,,,,
,,,,,,
,,,,,,
,,,,,,
,,,,,,
,,,,,,
,,,,,,
,,,,,,
,,,,,,
,,,,,,
,,,,,,
,,,,,,
,,,,,,
,,,,,,
,,,,,,
,,,,,,
,,,,,,
,,,,,,
,,,,,,
,,,,,,
,,,,,,
,,,,,,
,,,,,,
,,,,,,
,,,,,,
,,,,,,
,,,,,,
,,,,,,
,,,,,,
,,,,,,
,,,,,,
,,,,,,
,,,,,,
,,,,,,
,,,,,,
,,,,,,
,,,,,,
,,,,,,
,,,,,,
,,,,,,
,,,,,,
,,,,,,
,,,,,,
,,,,,,
,,,,,,
,,,,,,
,,,,,,
,,,,,,
,,,,,,
,,,,,,
,,,,,,
,,,,,,
,,,,,,
,,,,,,
,,,,,,
,,,,,,
,,,,,,
,,,,,,
,,,,,,
,,,,,,
,,,,,,
,,,,,,
,,,,,,
,,,,,,
,,,,,,
,,,,,,
,,,,,,
,,,,,,
,,,,,,
,,,,,,
,,,,,,
,,,,,,
,,,,,,
,,,,,,
,,,,,,
,,,,,,
,,,,,,
,,,,,,
,,,,,,
,,,,,,
,,,,,,
,,,,,,
,,,,,,
,,,,,,
,,,,,,
,,,,,,
,,,,,,
,,,,,,
,,,,,,
,,,,,,
,,,,,,
,,,,,,
,,,,,,
,,,,,,
,,,,,,
,,,,,,
,,,,,,
,,,,,,
,,,,,,
,,,,,,
,,,,,,
,,,,,,
,,,,,,
,,,,,,
,,,,,,
,,,,,,
,,,,,,
,,,,,,
,,,,,,
,,,,,,
,,,,,,
,,,,,,
,,,,,,
,,,,,,
,,,,,,
,,,,,,
,,,,,,
,,,,,,
,,,,,,
,,,,,,
,,,,,,
,,,,,,
,,,,,,
,,,,,,
,,,,,,
,,,,,,
,,,,,,
,,,,,,
,,,,,,
,,,,,,
,,,,,,
,,,,,,
,,,,,,
,,,,,,
,,,,,,
,,,,,,
,,,,,,
,,,,,,
,,,,,,
,,,,,,
,,,,,,
,,,,,,
,,,,,,
,,,,,,
,,,,,,
,,,,,,
,,,,,,
,,,,,,
,,,,,,
,,,,,,
,,,,,,
,,,,,,
,,,,,,
,,,,,,
,,,,,,
,,,,,,
,,,,,,
,,,,,,
,,,,,,
,,,,,,
,,,,,,
,,,,,,
,,,,,,
,,,,,,
,,,,,,
,,,,,,
,,,,,,
,,,,,,
,,,,,,
,,,,,,
,,,,,,
,,,,,,
,,,,,,
,,,,,,
,,,,,,
,,,,,,
,,,,,,
,,,,,,
,,,,,,
,,,,,,
,,,,,,
,,,,,,
,,,,,,
,,,,,,
,,,,,,
,,,,,,
,,,,,,
,,,,,,
,,,,,,
,,,,,,
,,,,,,
,,,,,,
,,,,,,
,,,,,,
,,,,,,
,,,,,,
,,,,,,
,,,,,,
,,,,,,
,,,,,,
,,,,,,
,,,,,,
,,,,,,
,,,,,,
,,,,,,
,,,,,,
,,,,,,
,,,,,,
,,,,,,
,,,,,,
,,,,,,
,,,,,,
,,,,,,
,,,,,,
,,,,,,
,,,,,,
,,,,,,
,,,,,,
,,,,,,
,,,,,,
,,,,,,
,,,,,,
,,,,,,
,,,,,,
,,,,,,
,,,,,,
,,,,,,
,,,,,,
,,,,,,
,,,,,,
,,,,,,
,,,,,,
,,,,,,
,,,,,,
,,,,,,
,,,,,,
,,,,,,
,,,,,,
,,,,,,
,,,,,,
,,,,,,
,,,,,,
,,,,,,
,,,,,,
,,,,,,
,,,,,,
,,,,,,
,,,,,,
,,,,,,
,,,,,,
,,,,,,
,,,,,,
,,,,,,
,,,,,,
,,,,,,
,,,,,,
,,,,,,
,,,,,,
,,,,,,
,,,,,,
,,,,,,
,,,,,,
,,,,,,
,,,,,,
,,,,,,
,,,,,,
,,,,,,
,,,,,,
,,,,,,
,,,,,,
,,,,,,
,,,,,,
,,,,,,
,,,,,,
,,,,,,
,,,,,,
,,,,,,
,,,,,,
,,,,,,
,,,,,,
,,,,,,
,,,,,,
,,,,,,
,,,,,,
,,,,,,
,,,,,,
,,,,,,
,,,,,,
,,,,,,
,,,,,,
,,,,,,
,,,,,,
,,,,,,
,,,,,,
,,,,,,
,,,,,,
,,,,,,
,,,,,,
,,,,,,
,,,,,,
,,,,,,
,,,,,,
,,,,,,
,,,,,,
,,,,,,
,,,,,,
,,,,,,
,,,,,,
,,,,,,
,,,,,,
,,,,,,
,,,,,,
,,,,,,
,,,,,,
,,,,,,
,,,,,,
,,,,,,
,,,,,,
,,,,,,
,,,,,,
,,,,,,
,,,,,,
,,,,,,
,,,,,,
,,,,,,
,,,,,,
,,,,,,
,,,,,,
,,,,,,
,,,,,,
,,,,,,
,,,,,,
,,,,,,
,,,,,,
,,,,,,
,,,,,,
,,,,,,
,,,,,,
,,,,,,
,,,,,,
,,,,,,
,,,,,,
,,,,,,
,,,,,,
,,,,,,
,,,,,,
,,,,,,
,,,,,,
,,,,,,
,,,,,,
,,,,,,
,,,,,,
,,,,,,
,,,,,,
,,,,,,
,,,,,,
,,,,,,
,,,,,,
,,,,,,
,,,,,,
,,,,,,
,,,,,,
,,,,,,
,,,,,,
,,,,,,
,,,,,,
,,,,,,
,,,,,,
,,,,,,
,,,,,,
,,,,,,
,,,,,,
,,,,,,
,,,,,,
,,,,,,
,,,,,,
,,,,,,
,,,,,,
,,,,,,
,,,,,,
,,,,,,
,,,,,,
,,,,,,
,,,,,,
,,,,,,
,,,,,,
,,,,,,
,,,,,,
,,,,,,
,,,,,,
,,,,,,
,,,,,,
,,,,,,
,,,,,,
,,,,,,
,,,,,,
,,,,,,
,,,,,,
,,,,,,
,,,,,,
,,,,,,
,,,,,,
,,,,,,
,,,,,,
,,,,,,
,,,,,,
,,,,,,
,,,,,,
,,,,,,
,,,,,,
,,,,,,
,,,,,,
,,,,,,
,,,,,,
,,,,,,
,,,,,,
,,,,,,
,,,,,,
,,,,,,
,,,,,,
,,,,,,
,,,,,,
,,,,,,
,,,,,,
,,,,,,
,,,,,,
,,,,,,
,,,,,,
,,,,,,
,,,,,,
,,,,,,
,,,,,,
,,,,,,
,,,,,,
,,,,,,
,,,,,,
,,,,,,
,,,,,,
,,,,,,
,,,,,,
,,,,,,
,,,,,,
,,,,,,
,,,,,,
,,,,,,
,,,,,,
,,,,,,
,,,,,,
,,,,,,
,,,,,,
,,,,,,
,,,,,,
,,,,,,
,,,,,,
,,,,,,
,,,,,,
,,,,,,
,,,,,,
,,,,,,
,,,,,,
,,,,,,
,,,,,,
,,,,,,
,,,,,,
,,,,,,
,,,,,,
,,,,,,
,,,,,,
,,,,,,
,,,,,,
,,,,,,
,,,,,,
,,,,,,
,,,,,,
,,,,,,
,,,,,,
,,,,,,
,,,,,,
,,,,,,
,,,,,,
,,,,,,
,,,,,,
,,,,,,
,,,,,,
,,,,,,
,,,,,,
,,,,,,
,,,,,,
,,,,,,
,,,,,,
,,,,,,
,,,,,,
,,,,,,
,,,,,,
,,,,,,
,,,,,,
,,,,,,
,,,,,,
,,,,,,
,,,,,,
,,,,,,
,,,,,,
,,,,,,
,,,,,,
,,,,,,
,,,,,,
,,,,,,
,,,,,,
,,,,,,
,,,,,,
,,,,,,
,,,,,,
,,,,,,
,,,,,,
,,,,,,
,,,,,,
,,,,,,
,,,,,,
,,,,,,
,,,,,,
,,,,,,
,,,,,,
,,,,,,
,,,,,,
,,,,,,
,,,,,,
,,,,,,
,,,,,,
,,,,,,
,,,,,,
,,,,,,
,,,,,,
,,,,,,
,,,,,,
,,,,,,
,,,,,,
,,,,,,
,,,,,,
,,,,,,
,,,,,,
,,,,,,
,,,,,,
,,,,,,
,,,,,,
,,,,,,
,,,,,,
,,,,,,
,,,,,,
,,,,,,
,,,,,,
,,,,,,
,,,,,,
,,,,,,
,,,,,,
,,,,,,
,,,,,,
,,,,,,
,,,,,,
,,,,,,
,,,,,,
,,,,,,
,,,,,,
,,,,,,
,,,,,,
,,,,,,
,,,,,,
,,,,,,
,,,,,,
,,,,,,
,,,,,,
,,,,,,
,,,,,,
,,,,,,
,,,,,,
,,,,,,
,,,,,,
,,,,,,
,,,,,,
,,,,,,
,,,,,,
,,,,,,
,,,,,,
,,,,,,
,,,,,,
,,,,,,
,,,,,,
,,,,,,
,,,,,,
,,,,,,
,,,,,,
,,,,,,
,,,,,,
,,,,,,
,,,,,,
,,,,,,
,,,,,,
,,,,,,
,,,,,,
,,,,,,
,,,,,,
,,,,,,
,,,,,,
,,,,,,
,,,,,,
,,,,,,
,,,,,,
,,,,,,
,,,,,,
,,,,,,
,,,,,,
,,,,,,
,,,,,,
,,,,,,
,,,,,,
,,,,,,
,,,,,,
,,,,,,
,,,,,,
,,,,,,
,,,,,,
,,,,,,
,,,,,,
,,,,,,
,,,,,,
,,,,,,
,,,,,,
,,,,,,
,,,,,,
,,,,,,
,,,,,,
,,,,,,
,,,,,,
,,,,,,
,,,,,,
,,,,,,
,,,,,,
,,,,,,
,,,,,,
,,,,,,
,,,,,,
,,,,,,
,,,,,,
,,,,,,
,,,,,,
,,,,,,
,,,,,,
,,,,,,
,,,,,,
,,,,,,
,,,,,,
,,,,,,
,,,,,,
,,,,,,
,,,,,,
,,,,,,
,,,,,,
,,,,,,
,,,,,,
,,,,,,
,,,,,,
,,,,,,
,,,,,,
,,,,,,
,,,,,,
,,,,,,
,,,,,,
,,,,,,
,,,,,,
,,,,,,
,,,,,,
,,,,,,
,,,,,,
,,,,,,
,,,,,,
,,,,,,
,,,,,,
,,,,,,
,,,,,,
,,,,,,
,,,,,,
,,,,,,
